"O1","O2","O3","O4","O5","O6","O7","O8","O9","Output14","O10","O11"
8.333,"U",50,"E",59,56.985,24.508,72.607,91.789,"Class2",48.912,32
65.036,"B",42,"B",34,38.17,14.33,33.949,47.903,"Class1",67.335,29
68.539,"C",42,"S",55,40.198,29.294,72.029,55.62,"Class1",69.124,65
47.915,"B",45,"Y",48,40.892,28.959,56.787,45.709,"Class1",60.556,21
-25.92,"N",87,"J",92,74.717,79.761,27.228,58.18,"Class4",14.071,61
60.017,"F",47,"Z",66,75.221,66.879,21.337,9.879,"Class3",66.53,9
81.253,"V",51,"P",75,31.148,23.966,57.36,27.755,"Class5",14.965,72
13.656,"I",52,"E",56,134.697,14.484,71.047,92.875,"Class2",52.317,33
75.158,"A",46,"C",41,71.166,68.092,23.643,8.535,"Class3",54.435,16
70.322,"D",54,"L",41,28.157,39.822,56.189,93.717,"Class5",28.713,72
63.323,"F",30,"M",14,81.241,45.104,15.128,13.515,"Class3",55.756,24
47.78,"B",NA,"S",29,29.466,22.401,19.414,52.529,"Class1",48.218,1
80.367,"K",94,"X",38,21.815,43.144,58.925,48.128,"Class5",22.955,73
18.826,"E",53,"E",75,82.894,28.38,71.82,91.627,"Class2",68.338,31
64.017,"B",53,"M",21,81.988,40.996,22.061,10.972,"Class3",48.816,12
15.558,"U",52,"U",82,48.807,15.169,72.636,85.501,"Class2",67.463,32
66.989,"R",83,"W",67,37.851,13.854,57.54,29.65,"Class5",23.028,73
80.05,"K",76,"P",54,62.101,51.722,57.868,60.313,"Class5",50.1,72
65.024,"B",61,"C",51,72.948,38.406,13.718,6.972,"Class3",49.869,7
81.83,"D",77,"X",77,30.951,10.873,59.407,3.755,"Class5",42.681,72
69.351,"A",53,"C",16,96.666,40.027,15.746,8.049,"Class3",59.726,15
40.171,"W",56,"C",4,38.184,31.987,53.466,40.713,"Class1",46.702,63
79.382,"D",63,"X",44,64.047,43.564,57.167,30.387,"Class5",42.279,72
8.425,"Z",56,"E",76,19.168,19.772,73.212,87.841,"Class2",57.588,31
62.626,"A",42,"U",19,70.31,54.955,22.736,7.106,"Class3",67.398,16
53.474,"C",44,"S",12,47.501,30.856,44.919,32.049,"Class1",50.244,57
65.284,"A",42,"Z",11,74.446,56.116,21.799,10.61,"Class3",74.363,25
58.547,"X",69,"N",80,63.809,86.513,29.274,55.626,"Class4",11.459,16
17.998,"Y",51,"E",59,33.418,29.289,71.796,91.651,"Class2",52.062,32
121.367,"Q",99,"J",86,59.736,85.592,30.103,58.278,"Class4",26.359,33
16.871,"Y",56,"E",72,94.8,20.01,NA,93.82,"Class2",69.767,33
66.443,"W",NA,"T",44,36.911,52.24,53.097,35.309,"Class1",51.459,11
14.034,"I",50,"L",68,39.686,20.041,76.012,87.615,"Class2",45.378,32
72.388,"D",71,"W",74,36.147,49.431,56.342,83.617,"Class5",24.486,72
52.872,"R",100,"Z",84,86.991,78.133,NA,61.677,"Class4",27.396,18
79.736,"D",50,"P",70,35.981,48.608,NA,30.472,"Class5",45.849,73
59.699,"K",52,"C",53,34.587,61.464,42.899,38.73,"Class1",62.67,60
10.935,"U",53,"W",61,37.003,24.344,69.636,90.432,"Class2",55.695,32
70.415,"N",90,"Z",82,69.677,87.756,29.982,61.228,"Class4",15.15,24
74.615,"V",53,"W",50,56.349,36.078,NA,37.629,"Class5",47.392,73
64.279,"C",58,"S",12,20.299,48.606,31.504,36.299,"Class1",69.308,42
22.87,"L",49,"S",55,42.174,65.685,77.056,34.89,"Class1",62.89,42
42.897,"X",96,"L",84,73.646,85.87,27.776,57.584,"Class4",26.207,62
54.851,"N",82,"J",79,74.088,81.324,28.53,59.867,"Class4",14.501,46
15.711,"Z",54,"G",70,48.197,29.293,72.612,93.092,"Class2",58.404,32
69.515,"K",68,"Z",34,39.31,10.745,58.918,36.418,"Class5",13.892,73
69.065,"B",57,"Y",47,35.008,45.761,12.082,45.324,"Class1",63.059,0
77.42,"K",51,"L",63,8.961,10.951,56.209,44.801,"Class5",29.096,72
13.428,"R",88,"Z",75,56.789,78.077,27.58,59.16,"Class4",17.392,63
13.02,"Y",56,"W",59,89.322,29.334,69.368,89.848,"Class2",55.79,33
52.33,"B",55,"S",31,39.997,74.342,74.398,43.741,"Class1",46.367,65
16.034,"U",NA,"E",60,45.343,29.665,77.083,85.789,"Class2",69.486,33
49.868,"B",43,"S",13,32.806,13.1,85.849,38.614,"Class1",52.954,34
60.317,"K",54,"M",8,83.787,49.974,14.949,10.672,"Class3",41.25,14
63.68,"A",28,"K",66,83.493,54.955,15.141,6.053,"Class3",63.202,0
72.201,"L",65,"Y",6,37.575,74.975,40.78,50.398,"Class1",57.241,28
52.336,"R",70,"G",71,37.318,87.186,31.732,56.746,"Class4",23.946,31
52.064,"B",67,"C",50,36.004,19.081,89.068,50.783,"Class1",49.325,64
64.818,"K",58,"K",51,75.052,37.663,19.492,7.007,"Class3",65.434,19
64.82,"A",61,"C",33,77.513,66.664,13.886,10.325,"Class3",49.128,1
77.016,"D",88,"L",76,55.778,35.909,57.022,22.7,"Class5",37.26,73
63.742,"K",34,"M",19,62.537,64.691,18.197,11.05,"Class3",70.582,23
84.184,"R",58,"Z",39,50.385,7.51,59.77,38.786,"Class5",50.084,73
35.005,"N",89,"J",77,75.284,87.841,27.451,56.205,"Class4",29.107,43
31.288,"N",66,"L",89,80.149,86.546,30.422,58.616,"Class4",23.135,20
59.38,"B",57,"C",28,33.684,17.94,40.92,42.854,"Class1",67.634,26
83.1,"V",94,"L",42,45.468,48.239,59.101,87.581,"Class5",49.18,73
48.472,"R",76,"N",75,43.119,79.631,28.273,54.559,"Class4",15.764,29
72.684,"D",87,"W",49,53.962,10.417,58.905,51.222,"Class5",19.465,73
72.15,"V",64,"X",67,70.252,42.093,55.553,55.822,"Class5",27.894,72
14.692,"Y",50,"E",59,69.213,22.346,71.209,91.223,"Class2",71.887,31
51.45,"L",42,"C",43,42.05,52.806,69.506,49.759,"Class1",64.971,8
14.949,"I",51,"L",76,77.051,15.639,77.993,86.22,"Class2",55.439,32
65.105,"A",43,"U",38,71.465,69.017,13.045,10.97,"Class3",47.053,2
13.352,"Z",50,"L",80,82.872,18.411,75.529,86.239,"Class2",49.413,33
64.604,"B",32,"K",64,78.373,65.22,18.982,4.908,"Class3",42,18
33.493,"C",65,"Y",1,27.69,40.7,58.256,39.681,"Class1",46.334,49
28.523,"N",73,"L",75,40.167,83.544,28.069,57.003,"Class4",24.074,39
69.436,"L",68,"C",18,35.21,24.962,23.365,44.717,"Class1",56.351,5
63.795,"Q",87,"L",80,32.813,82.498,29.958,58.081,"Class4",20.929,43
20.772,"N",90,"L",68,61.23,82.693,31.589,59.804,"Class4",19.772,33
64.719,"B",55,"K",14,87.866,52.733,14.05,10.07,"Class3",70.545,25
59.786,"I",50,"U",55,100.674,37.082,14.923,6.818,"Class3",46.154,23
56.099,"F",44,"Z",39,74.263,48.817,23.546,11.591,"Class3",59.005,26
53.195,"B",NA,"S",41,46.645,69.228,71.986,39.195,"Class1",60.678,57
54.839,"C",47,"T",52,29.079,44.311,30.37,46.769,"Class1",58.69,28
13.642,"E",56,"L",65,49.521,13.199,74.194,82.546,"Class2",68.676,32
60.607,"K",32,"C",52,100.264,68.645,23.098,9.192,"Class3",43.156,9
11.99,"B",60,"B",12,47.052,74.966,63.094,37.901,"Class1",50.358,1
21.82,"R",87,"L",68,70.494,85.366,29.368,58.648,"Class4",15.361,62
70.868,"K",50,"P",78,43.824,25.455,56.451,36.317,"Class5",21.454,73
7.237,"T",NA,"G",71,61.636,79.165,29.583,57.489,"Class4",23.069,23
80.506,"K",79,"P",64,25.58,28.656,55.131,30.27,"Class5",49.657,72
55.841,"C",71,"C",54,37.644,69.655,47.157,54.859,"Class1",68.137,61
4.897,"N",69,"G",68,57.986,81.475,NA,60.789,"Class4",26.304,33
56.608,"K",48,"B",54,39.494,62.35,33.521,33.166,"Class1",47.214,7
27.463,"X",87,"J",76,73.935,80.256,29.058,57.187,"Class4",25.424,23
66.294,"I",26,"U",25,99.788,40.963,16.107,8.912,"Class3",66.849,22
61.598,"R",80,"N",76,44.328,80.276,30.573,60.056,"Class4",28.138,21
61.684,"B",31,"M",46,88.102,56.267,12.81,7.901,"Class3",47.872,9
42.239,"Q",77,"N",84,49.58,87.838,NA,57.399,"Class4",18.413,40
14.515,"U",53,"E",56,38.102,29.414,77.877,94.941,"Class2",71.638,33
75.841,"Q",83,"Z",78,67.387,85.558,29.539,57.517,"Class4",22.081,53
62.592,"F",60,"K",58,81.596,67.195,13.786,10.319,"Class3",63.937,11
45.827,"T",82,"N",69,81.674,82.751,NA,58.571,"Class4",18.079,31
86.454,"G",76,"Z",63,34.31,9.811,55.591,61.89,"Class5",45.349,73
14.397,"Z",55,"L",73,48.986,20.265,75.274,86.464,"Class2",69.813,32
74.596,"V",82,"X",57,41.612,32.015,59.031,63.418,"Class5",19.651,72
16.34,"I",54,"L",78,67.595,23.354,75.137,83.207,"Class2",44.811,33
11.652,"U",52,"E",86,66.83,24.034,69.842,91.886,"Class2",61.603,31
79.438,"D",83,"Z",45,45.16,44.179,59.923,64.04,"Class5",36.262,72
14.284,"I",52,"E",59,83.009,12.05,76.487,89.807,"Class2",66.885,31
81.29,"N",88,"J",85,77.453,85.83,29.472,62.787,"Class4",11.367,29
17.529,"Z",57,"U",56,47.938,19.309,71.873,91.119,"Class2",53.078,31
62.542,"I",23,"C",30,79.805,53.151,14.383,10.655,"Class3",65.453,18
13.834,"Y",55,"U",53,50.535,22.03,71.891,89.705,"Class2",60.076,31
70.477,"N",88,"Z",81,108.06,80.778,28.55,60.244,"Class4",10.279,56
76.479,"V",86,"X",45,73.786,17.264,55.595,54.134,"Class5",59.733,73
16.857,"B",52,"T",9,48.063,74.985,94.787,47.86,"Class1",61.79,31
14.206,"E",52,"E",65,-22.594,30.348,73.795,96.968,"Class2",50.621,33
70.524,"K",93,"L",58,55.301,22.276,56.408,63.092,"Class5",15.091,72
67.713,"N",100,"L",91,44.743,77.986,31.172,60.967,"Class4",16.503,22
85.664,"D",77,"W",65,35.322,16.391,59.428,41.061,"Class5",49.681,72
75.719,"C",52,"T",38,39.387,73.861,78.773,44.059,"Class1",53.348,16
42.882,"C",49,"C",53,23.63,75.025,76.045,34.641,"Class1",65.611,9
12.016,"Z",58,"U",79,45.626,17.488,72.958,85.58,"Class2",59.81,32
37.651,"R",73,"N",71,62.439,87.848,31.876,58.864,"Class4",27.882,20
77.037,"G",86,"X",79,61.315,20.268,59.481,20.218,"Class5",28.155,72
66.259,"A",61,"K",28,79.406,46.989,10.313,8.82,"Class3",69.179,13
25.77,"R",71,"J",77,46.324,86.432,27.701,59.031,"Class4",19.04,63
66.432,"A",43,"U",33,86.926,70.773,10.607,10.081,"Class3",61.344,2
62.663,"B",57,"Z",39,77.652,61.707,17.721,6.196,"Class3",52.486,14
86.125,"D",83,"P",81,39.274,14.994,55.038,87.149,"Class5",41.848,73
57.341,"K",51,"B",50,39.284,15.72,81.192,36.361,"Class1",47.468,14
95.064,"K",78,"X",79,35.142,8.83,57.63,38.288,"Class5",20.414,73
20.031,"Y",55,"G",85,65.082,25.028,71.904,85.154,"Class2",68.454,32
62.478,"F",58,"U",26,80.544,71.732,14.251,11.226,"Class3",45.25,2
71.471,"K",58,"P",55,26.62,32.856,55.716,33.293,"Class5",24.435,72
17.265,"E",53,"L",66,68.509,28.573,69.398,88.161,"Class2",63.224,33
11.733,"U",51,"L",81,9.817,28.475,72.852,86.073,"Class2",57.213,33
51.183,"B",68,"B",31,38.7,17.691,35.425,47.253,"Class1",50.142,45
65.335,"K",59,"K",13,75.384,71.137,16.345,7.562,"Class3",64.171,18
80.363,"D",67,"Z",75,5.529,42.393,55.875,29.271,"Class5",46.361,73
105.103,"T",92,"J",80,47.533,80.47,28.765,63.236,"Class4",27.182,37
48.295,"Q",75,"G",70,47.909,79.184,29.091,60.489,"Class4",29.269,60
30.964,"T",93,"L",87,46.031,79.815,30.029,58.055,"Class4",20.515,40
66.448,"A",47,"C",16,75.646,69.754,14.553,8.504,"Class3",64.574,17
61.674,"R",94,"J",71,74.748,82.338,29.735,56.071,"Class4",13.028,27
16.037,"E",57,"U",73,79.427,22.3,72.685,90.173,"Class2",46.904,32
-4.525,"Q",100,"Z",79,53.833,86.646,28.78,58.814,"Class4",13.144,38
90.947,"L",67,"C",46,34.105,45.663,57.985,37.503,"Class1",51.632,4
65.215,"K",50,"P",50,44.157,46.341,56.94,54.853,"Class5",27.844,73
72.191,"N",93,"L",79,51.899,78.755,27.039,57.212,"Class4",26.656,47
12.709,"Y",51,"G",58,21.866,26.149,74.717,87.976,"Class2",47.674,31
15.303,"I",53,"L",71,114.771,16.225,77.277,87.489,"Class2",60.928,33
12.085,"Y",58,"E",85,24.576,26.773,69.631,89.697,"Class2",70.622,33
72.057,"N",80,"N",80,61.413,78.498,NA,56.778,"Class4",24.537,55
87.791,"G",92,"Z",72,26.082,35.976,57.94,42.524,"Class5",32.415,72
62.434,"C",64,"B",5,33.447,43.716,40.094,40.462,"Class1",46.386,0
12.03,"Y",55,"L",81,-2.054,16.969,75.258,87.091,"Class2",46.645,31
14.199,"U",50,"W",59,43.011,26.378,73.575,90.86,"Class2",50.625,31
67.294,"B",58,"M",25,92.646,44.872,NA,9.272,"Class3",71.93,7
52.328,"X",75,"L",76,48.709,77.488,27.238,55.68,"Class4",17.853,26
14.891,"U",55,"U",65,55.977,20.465,74.441,91.887,"Class2",56.996,32
61.713,"F",32,"Z",54,77.323,44.719,20.238,11.152,"Class3",61.406,20
36.61,"N",89,"J",81,60.168,84.567,31.043,60.927,"Class4",14.519,67
86.008,"V",92,"Z",44,31.658,25.704,57.247,37.632,"Class5",14.446,72
16.605,"U",52,"U",69,53.689,14.078,72.273,89.884,"Class2",71.358,33
27.179,"W",56,"B",11,44.615,19.53,28.183,35.174,"Class1",70.502,59
33.614,"N",89,"Z",84,58.052,81.771,31.256,60.236,"Class4",16.344,27
49.88,"R",68,"G",84,52.593,84.189,29.263,58.193,"Class4",28.895,28
82.627,"G",74,"W",48,52.236,15.865,55.645,61.727,"Class5",34.079,72
13.866,"Z",52,"U",56,42.745,18.456,74.339,89.449,"Class2",65.74,31
78.984,"D",84,"X",41,39.596,26.283,59.824,43.668,"Class5",46.942,72
69.117,"K",51,"Z",50,79.393,60.402,15.143,8.18,"Class3",65.513,17
67.579,"W",54,"B",37,38.424,24.448,52.058,48.873,"Class1",57.11,41
41.937,"X",76,"Z",91,36.282,79.664,31.832,60.45,"Class4",16.447,23
12.198,"Y",55,"E",63,64.809,16.307,74.253,85.497,"Class2",62.034,31
81.826,"K",NA,"X",60,27.907,52.091,57.152,1.606,"Class5",21.519,73
13.704,"Q",66,"L",91,37.678,79.378,29.341,58.898,"Class4",23.912,28
73.956,"K",75,"X",35,39.051,18.946,57.94,63.888,"Class5",21.722,73
44.432,"C",54,"C",31,31.121,67.078,27.002,44.677,"Class1",63.825,58
24.418,"R",91,"N",91,44.248,85.887,29.753,59.371,"Class4",10.659,68
35.348,"C",58,"Y",40,50.245,27.348,78.737,47.915,"Class1",62.804,29
82.182,"R",52,"X",36,45.014,10.898,59.862,41.361,"Class5",41.284,72
59.676,"B",50,"U",44,77.181,72.349,14.178,10.349,"Class3",58.684,25
41.671,"C",56,"Y",15,43.818,66.051,81.882,33.68,"Class1",66.533,36
70.565,"B",68,"S",6,46.041,46.045,36.692,38.282,"Class1",64.086,58
52.733,"X",86,"N",70,36.038,77.01,27.31,60.009,"Class4",19.817,24
83.82,"V",55,"L",33,24.147,28.604,55.167,59.745,"Class5",61.017,72
96.718,"K",73,"Z",33,34.303,52.544,59.811,58.991,"Class5",20.042,72
89.97,"R",84,"L",45,29.567,9.376,57.779,14.959,"Class5",53.647,72
70.7,"A",23,"Z",13,69.847,39.582,21.312,9.015,"Class3",52.674,14
84.379,"K",58,"P",41,22.606,20.944,56.034,22.578,"Class5",42.448,72
71.037,"F",39,"M",58,83.805,68.533,23.145,11.791,"Class3",72.719,25
85.557,"R",84,"N",89,53.901,77.585,31.349,57.842,"Class4",28.64,18
36.422,"L",55,"S",14,38.867,70.518,24.088,50.207,"Class1",67.597,7
79.385,"G",67,"P",80,37.477,29.789,56.894,83.612,"Class5",23.891,72
15.237,"I",58,"G",87,59.659,20.225,69.503,92.276,"Class2",52.441,31
42.556,"T",77,"L",90,83.709,80.125,30.89,58.108,"Class4",20.526,47
14.345,"Y",53,"G",61,67.752,17.952,69.392,95.456,"Class2",53.308,31
15.669,"I",54,"W",64,54.388,21.317,73.802,88.911,"Class2",48.232,33
65.334,"K",50,"U",31,90.495,68.95,13.539,8.414,"Class3",42.503,4
35.841,"L",55,"S",0,39.226,41.424,45.591,40.813,"Class1",61.356,56
42.014,"B",43,"B",13,35.691,63.913,99.302,38.048,"Class1",58.657,44
79.044,"R",94,"L",33,39.305,19.306,57.01,59.256,"Class5",16.077,73
29.691,"B",53,"S",3,37.233,17.025,13.751,39.251,"Class1",55.725,30
12.239,"I",51,"L",63,59.998,24.311,76.265,94.833,"Class2",58.752,32
55.928,"I",59,"M",21,94.554,41.953,21.439,10.169,"Class3",45.709,15
36.82,"N",70,"N",90,74.83,77.365,29.489,56.707,"Class4",19.832,37
48.235,"B",70,"B",46,34.916,33.291,86.088,48.517,"Class1",52.25,7
54.218,"B",48,"B",55,34.522,33.598,49.247,30.912,"Class1",58.614,6
-4.006,"X",73,"J",86,90.771,84.037,30.36,58.819,"Class4",30.6,20
57.837,"A",45,"Z",22,78.394,40.33,12.52,6.82,"Class3",47.423,5
70.807,"K",70,"Z",69,45.305,15.212,59.894,53.227,"Class5",43.093,72
63.186,"B",62,"B",28,40.506,68.001,15.749,47.287,"Class1",49.51,54
75.428,"V",56,"L",57,45.455,39.077,59.411,38.708,"Class5",32.276,73
12.152,"I",56,"U",66,16.096,22.512,77.759,85.73,"Class2",56.602,31
60.728,"B",46,"C",44,86.352,39.081,20.211,8.76,"Class3",51.683,8
17.057,"E",56,"U",56,22.742,23.316,76.416,90.162,"Class2",64.332,33
84.161,"D",NA,"Z",64,40.649,20.11,58.333,75.377,"Class5",21.997,73
-8.825,"N",86,"N",69,93.327,80.883,29.156,57.924,"Class4",19.184,38
42.2,"L",43,"Y",55,35.849,37.867,33.013,40.816,"Class1",68.236,48
161.511,"Q",93,"Z",80,65.115,79.758,27.277,61.328,"Class4",10.554,57
39.825,"T",97,"G",92,70.42,84.615,29.11,58.193,"Class4",22.317,23
65.581,"N",67,"N",76,69.43,81.892,NA,61.359,"Class4",24.456,27
66.901,"A",48,"C",25,71.959,62.676,18.821,9.273,"Class3",69.77,3
11.722,"E",56,"U",62,63.648,20.251,73.979,88.361,"Class2",67.848,32
81.971,"D",88,"L",56,38.752,32.539,55.222,93.403,"Class5",25.257,72
38.941,"W",66,"C",47,39.721,50.339,54.667,47.172,"Class1",63.459,1
58.559,"C",69,"S",49,28.589,74.585,60.586,56.203,"Class1",58.616,23
77.412,"V",83,"P",33,47.702,35.592,58.795,64.651,"Class5",28.864,73
62.312,"F",57,"M",49,73.016,71.958,NA,7.418,"Class3",48.157,24
39.77,"B",54,"T",16,35.13,14.09,78.915,30.288,"Class1",67.869,18
-15.93,"Q",84,"N",73,38.619,79.55,30.92,58.157,"Class4",19.334,26
17.117,"Y",56,"W",86,40.453,12.595,70.776,82.938,"Class2",60.831,31
66.179,"F",24,"K",49,82.527,62.486,22.019,9.704,"Class3",57.43,2
54.614,"K",53,"S",37,23.632,67.367,69.088,48.139,"Class1",58.977,5
34.545,"W",48,"C",23,38.343,17.586,69.743,50.658,"Class1",55.525,65
78.409,"K",70,"Z",71,40.471,48.673,59.091,38.749,"Class5",35.565,73
89.321,"R",54,"L",33,44.273,46.994,59.34,40.775,"Class5",16.964,73
87.182,"G",92,"W",76,51.417,33.171,59.602,36.937,"Class5",57.715,73
12.977,"U",52,"E",87,41.034,24.516,69.095,90.003,"Class2",54.274,31
64.692,"K",45,"S",37,45.33,17.818,37.222,38.728,"Class1",53.017,12
85.496,"V",51,"X",77,33.142,40.542,57.44,45.173,"Class5",19.635,73
48.837,"T",100,"J",89,46.795,77.003,28.897,58.785,"Class4",15.246,40
65.128,"F",NA,"M",23,75.653,43.301,22.704,10.409,"Class3",46.973,11
57.616,"W",66,"T",43,32.516,63.781,92.44,54.899,"Class1",49.146,53
107.949,"W",NA,"S",30,25.133,59.575,23.548,41.478,"Class1",59.734,36
16.634,"I",51,"W",70,84.354,21.7,71.879,86.204,"Class2",46.156,32
66.787,"K",90,"Z",53,14.662,49.645,56.98,48.147,"Class5",47.283,73
80.573,"X",67,"L",92,68.219,77.379,31.578,57.518,"Class4",22.117,55
11.381,"Q",94,"L",89,40.021,81.899,27.768,58.755,"Class4",29.316,54
16.585,"Z",51,"W",65,71.253,18.898,75.951,92.044,"Class2",53.668,33
64.366,"I",23,"M",44,84.887,40.361,11.317,8.236,"Class3",65.81,4
60.424,"F",29,"U",8,84.298,45.157,11.395,9.383,"Class3",44.803,7
13.503,"Y",53,"W",79,61.378,18.999,70.723,89.821,"Class2",67.978,33
49.876,"W",67,"C",13,38.842,25.673,41.388,48.141,"Class1",65.575,47
38.609,"C",69,"S",8,22.85,47.272,14.454,33.044,"Class1",50.352,40
14.717,"Z",53,"G",58,29.957,18.512,70.25,86.407,"Class2",55.659,32
56.201,"T",84,"J",80,76.366,85.449,27.299,60.301,"Class4",13.923,36
13.457,"I",58,"L",74,49.467,29.484,76.416,93.155,"Class2",50.325,33
11.198,"E",56,"U",73,-1.173,27.883,70.133,84.351,"Class2",62.08,32
63.887,"A",48,"Z",62,75.923,38.339,18.032,11.422,"Class3",46.95,1
13.298,"E",55,"E",86,-4.398,18.053,75.137,83.406,"Class2",68.798,32
44.932,"L",NA,"B",37,39.42,65.508,32.142,32.909,"Class1",63.164,39
74.489,"K",54,"P",81,30.339,10.623,58.469,49.003,"Class5",17.875,73
41.408,"B",58,"C",44,35.619,24.064,19.568,53.3,"Class1",62.923,37
80.128,"V",53,"P",46,50.791,51.617,59.769,6.615,"Class5",55.43,72
86.652,"R",63,"P",44,33.054,13.955,59.183,42.205,"Class5",56.411,72
73.452,"V",71,"W",39,25.596,25.834,56.5,13.69,"Class5",20.94,73
13.308,"E",54,"E",61,35.431,28.766,72.715,88.097,"Class2",68.965,32
15.941,"Y",56,"U",59,38.622,14.378,71.961,97.054,"Class2",49.394,32
29.431,"L",45,"B",42,31.439,60.987,80.602,42.602,"Class1",50.104,31
79.433,"D",69,"P",61,29.359,11.19,57.595,53.828,"Class5",51.273,73
26.793,"B",45,"S",13,33.726,22.461,78.06,33.538,"Class1",66.749,63
29.395,"B",65,"T",11,51.068,14.575,56.236,42.362,"Class1",69.935,12
13.987,"U",56,"E",73,12.363,16.519,69.831,89.118,"Class2",46.294,32
23.501,"X",71,"J",69,84.203,85.407,30.034,59.623,"Class4",14.202,45
80.323,"K",91,"P",79,52.737,29.728,59.698,37.979,"Class5",59.996,73
12.909,"U",52,"G",54,62.22,16.289,73.491,80.658,"Class2",53.672,33
81.695,"G",78,"X",46,36.345,27.213,58.451,68.525,"Class5",43.016,72
43.655,"B",NA,"C",20,38.136,28.702,19.996,35.587,"Class1",60.455,41
56.21,"K",52,"K",15,76.204,36.677,23.457,11.889,"Class3",41.371,20
19.363,"Q",83,"J",82,48.153,86.397,27.476,57.415,"Class4",18.204,23
48.362,"W",57,"T",44,28.555,66.021,20.652,44.908,"Class1",64.436,46
17.303,"U",57,"L",71,93.717,25.233,70.612,88.546,"Class2",51.857,32
19.713,"Z",54,"E",58,109.604,30.467,76.255,87.436,"Class2",69.547,32
14.516,"I",51,"L",77,52.982,27.232,75.114,84.444,"Class2",50.84,33
68.214,"F",62,"Z",60,91.207,55.215,NA,7.734,"Class3",63.732,21
65.109,"I",33,"C",29,99.388,70.88,15.496,8.989,"Class3",48.957,19
13.693,"E",51,"L",62,93.949,26.89,77.213,91.353,"Class2",51.259,33
76.529,"V",63,"Z",33,17.514,49.414,57.937,73.629,"Class5",36.933,73
70.691,"A",55,"U",17,85.141,63.525,22.47,10.351,"Class3",58.343,10
16.569,"U",57,"E",82,50.026,29.577,71.509,95.538,"Class2",65.614,32
63.238,"I",30,"M",63,83.561,64.103,21.841,9.55,"Class3",49.006,19
55.859,"K",45,"Y",20,32.107,28.976,NA,39.042,"Class1",70.24,65
15.29,"Z",57,"G",60,44.3,23.666,70.128,90.68,"Class2",50.732,33
63.435,"I",NA,"Z",59,87.555,65.449,13.94,10.967,"Class3",48.904,3
57.734,"L",72,"S",5,34.47,51.692,66.153,27.717,"Class1",63.305,38
34.086,"R",82,"Z",73,51.432,85.393,29.351,56.805,"Class4",23.619,55
69.498,"L",NA,"Y",18,46.206,22.831,72.806,36.928,"Class1",52.721,39
43.15,"T",89,"N",82,94.386,85.655,31.476,56.64,"Class4",29.749,47
35.929,"C",46,"T",23,33.121,51.343,72.233,49.889,"Class1",58.742,9
68.785,"W",66,"Y",41,37.095,71.486,78.401,30.017,"Class1",69.408,14
28.38,"L",65,"C",54,29.099,56.129,15.852,34.945,"Class1",55.849,31
16.922,"Y",54,"E",77,122.799,21.758,69.093,90.885,"Class2",48.711,33
31.41,"N",74,"L",75,59.391,80.416,31.3,59.201,"Class4",14.064,29
18.45,"Z",53,"W",76,80.524,23.557,72.848,90.25,"Class2",48.525,31
12.576,"Z",50,"W",56,14.835,25.137,73.085,91.584,"Class2",45.792,32
-7.932,"T",100,"G",75,80.624,81.39,29.722,58.687,"Class4",18.902,33
11.907,"Z",54,"G",75,65.296,24.112,69.572,92.81,"Class2",56.684,32
22.133,"L",43,"C",48,27.12,20.707,23.841,43.138,"Class1",62.277,31
67.302,"X",64,"J",83,41.054,83.737,30.03,59.321,"Class4",24.898,33
13.281,"Z",50,"U",84,32.04,18.083,77.798,90.496,"Class2",60.617,32
15.155,"E",55,"W",54,75.499,15.641,70.235,90.064,"Class2",68.555,31
41.227,"T",93,"J",71,52.737,83.111,28.398,59.226,"Class4",12.78,30
23.494,"N",86,"J",87,62.532,87.639,27.329,59.859,"Class4",28.602,29
18.584,"Y",58,"G",80,35.032,27.125,77.122,91.772,"Class2",66.616,32
-11.378,"R",78,"L",84,71.142,77.294,27.359,56.741,"Class4",28.899,23
1.972,"Q",72,"Z",75,55.356,79.96,28.967,57.657,"Class4",19.07,30
15.676,"Y",50,"U",72,53.535,25.685,75.718,91.124,"Class2",56.501,33
12.497,"E",55,"G",78,88.307,27.349,76.368,87.634,"Class2",53.744,32
68.426,"B",53,"M",27,83.815,51.879,14.825,6.615,"Class3",60.201,3
64.762,"K",70,"Y",38,30.29,69.847,18.276,39.744,"Class1",62.021,1
60.26,"T",92,"L",83,51.67,79.218,30.703,59.482,"Class4",18.924,64
74.629,"R",56,"Z",79,35.191,50.97,55.584,36.129,"Class5",52.201,72
67.816,"K",82,"X",57,16.765,8.95,58.667,41.116,"Class5",27.876,72
53.569,"Q",100,"G",91,64.918,77.863,30.396,60.019,"Class4",12.881,68
9.795,"I",56,"W",83,75.649,21.333,69.24,92.75,"Class2",64.575,32
65.642,"T",85,"L",78,63.633,81.801,28.805,59.172,"Class4",19.169,41
62.067,"I",54,"Z",23,81.246,70.095,17.063,8.415,"Class3",42.947,13
37.428,"K",57,"B",19,34.974,44.888,64.851,36.678,"Class1",55.419,0
40.83,"W",54,"C",14,29.771,63.482,93.475,47.356,"Class1",65.933,30
16.184,"T",74,"L",86,52.663,77.172,29.099,57.51,"Class4",28.701,49
15.112,"U",54,"W",58,73.561,27.028,73.383,95.03,"Class2",70.996,33
73.933,"W",58,"Y",16,32.778,14.093,23.75,39.57,"Class1",56.511,61
69.463,"K",65,"L",74,24.459,14.387,56.125,62.962,"Class5",58.198,73
62.294,"F",56,"K",53,91.176,41.087,10.044,10.434,"Class3",43.482,17
4.035,"R",89,"L",75,87.056,78.936,NA,57.905,"Class4",12.137,64
87.84,"D",54,"Z",73,29.683,16.359,57.352,25.041,"Class5",55.855,72
38.591,"C",46,"T",28,36.754,65.069,67.275,40.624,"Class1",46.325,12
84.074,"D",65,"P",70,25.47,22.21,58.688,49.167,"Class5",34.69,73
69.741,"V",86,"L",76,54.931,18.102,55.309,68.675,"Class5",30.958,72
62.095,"K",39,"K",61,87.807,68.405,17.551,12.004,"Class3",45.535,18
82.585,"V",60,"Z",59,59.717,21.976,56.955,35.826,"Class5",61.853,72
43.219,"K",64,"B",36,34.649,23.935,83.009,42.928,"Class1",66.162,55
68.616,"A",24,"Z",16,69.323,68.789,13.995,9.937,"Class3",45.982,22
51.343,"K",42,"C",13,30.909,44.154,65.804,52.41,"Class1",50.555,47
14.097,"Y",57,"G",64,49.847,16.468,73.422,86.098,"Class2",46.653,33
51.544,"B",42,"C",12,30.99,20.478,92.466,38.649,"Class1",70.175,16
65.124,"A",38,"Z",41,81.431,46.968,21.496,11.722,"Class3",48.516,24
10.943,"U",53,"W",67,44.178,15.309,70.335,84.935,"Class2",60.604,33
78.217,"N",83,"Z",92,41.097,86.133,30.379,59.694,"Class4",20.357,46
17.054,"U",57,"L",79,55.337,19.851,NA,89.388,"Class2",49.284,31
83.438,"D",57,"P",41,24.69,45.522,58.454,6.866,"Class5",25.383,72
52.917,"X",72,"N",87,57.615,83.532,28.222,59.461,"Class4",18.356,55
77.233,"V",93,"Z",34,53.788,37.113,57.684,69.096,"Class5",26.913,73
15.823,"U",54,"G",84,25.086,13.325,75.671,95.773,"Class2",51.992,32
14.017,"U",57,"L",62,35.091,22.996,72.353,89.211,"Class2",47.926,31
61.192,"K",51,"Z",57,79.412,49.519,15.766,6.89,"Class3",46.496,26
55.423,"L",46,"Y",17,26.212,53.429,64.692,37.472,"Class1",49.367,16
36.384,"L",NA,"C",51,39.482,18.367,66.531,46.153,"Class1",64.703,11
78.018,"V",65,"Z",40,42.325,27.489,59.595,25.092,"Class5",58.661,72
62.517,"A",34,"Z",29,79.828,47.924,13.716,7.486,"Class3",52.248,23
87.439,"R",54,"W",66,54.447,11.205,57.216,105.775,"Class5",14.547,73
30.188,"K",51,"T",19,42.938,54.739,90.368,45.053,"Class1",58.212,60
13.854,"W",48,"T",45,37.573,62.492,16.906,47.394,"Class1",64.307,35
74.491,"B",52,"B",4,43.637,71.515,36.67,36.842,"Class1",53.218,4
16.906,"Y",50,"U",60,98.294,13.91,71.142,87.173,"Class2",68.895,31
14.853,"I",52,"L",59,84.103,20.519,73.437,97.172,"Class2",56.678,32
69.832,"F",57,"C",36,98.275,42.583,21.956,10.889,"Class3",56.558,12
13.037,"U",56,"L",68,63.335,21.563,73.238,90.008,"Class2",61.682,32
28.253,"Q",NA,"Z",83,73.623,87.132,31.252,59.858,"Class4",30.66,59
68.201,"R",78,"Z",34,23.588,8.452,57.59,49.136,"Class5",40.235,72
60.487,"V",55,"W",63,31.958,7.171,58.705,46.491,"Class5",47.061,73
84.09,"K",83,"L",36,30.236,37.613,55.81,34.397,"Class5",60.015,73
76.908,"T",72,"L",77,39.44,87.821,28.214,60.582,"Class4",16.634,41
15.463,"U",58,"G",78,74.291,29.712,77.431,91.371,"Class2",48.913,31
55.6,"N",76,"G",74,56.617,87.514,31.539,56.666,"Class4",30.916,48
61.351,"A",29,"K",52,83.576,41.506,23.714,10.538,"Class3",60.285,10
29.3,"T",66,"N",79,57.969,79.069,31.228,62.008,"Class4",15.216,41
79.327,"D",62,"Z",42,43.081,32.178,56.508,21.48,"Class5",39.972,73
10.985,"E",55,"U",66,79.915,18.984,74.581,83.991,"Class2",49.425,33
18.051,"U",53,"W",82,55.042,26.173,75.955,89.323,"Class2",50.096,31
0.325,"X",87,"J",68,60.41,81.8,28.533,56.879,"Class4",28.226,30
58.838,"I",32,"K",44,89.205,41.022,23.328,11.137,"Class3",54.65,26
48.745,"Q",86,"J",72,59.032,86.046,29.028,60.025,"Class4",15.542,22
59.153,"N",NA,"G",84,85.356,80.09,30.641,59.65,"Class4",12.09,44
95.099,"N",NA,"L",90,72.423,85.08,31.635,58.721,"Class4",23.45,67
62.17,"B",24,"M",24,69.618,43.152,22.748,7.926,"Class3",67.131,22
16.502,"Z",55,"W",62,45.474,28.447,75.424,92.135,"Class2",64.202,31
76.019,"D",NA,"P",53,34.411,34.341,59.5,-1.111,"Class5",59.015,73
71.723,"K",56,"P",50,37.341,43.15,58.791,37.315,"Class5",27.614,72
66.708,"B",44,"K",8,81.048,52.504,NA,8.749,"Class3",51.737,14
87.419,"R",61,"P",38,35.636,16.606,58.547,53.904,"Class5",59.501,73
63.883,"A",51,"K",63,84.075,52.053,21.905,10.542,"Class3",73.042,23
60.236,"K",34,"Z",33,81.739,72.805,18.001,12.395,"Class3",49.412,0
45.772,"B",48,"B",15,36.134,14.106,54.294,41.245,"Class1",60.769,21
53.033,"Q",70,"N",78,43.521,83.405,30.326,57.958,"Class4",18.702,32
59.682,"X",65,"G",69,61.945,82.943,NA,58.613,"Class4",25.461,19
48.203,"Q",NA,"J",83,77.503,82.926,31.778,56.458,"Class4",26.992,36
59.51,"K",27,"M",46,79.755,68.98,10.063,10.334,"Class3",46.559,14
77.038,"V",77,"W",55,68.428,15.743,57.879,97.183,"Class5",47.048,73
64.683,"G",63,"L",73,30.842,29.433,55.416,22.439,"Class5",21.876,73
82.828,"R",83,"P",73,22.044,16.604,55.972,29.622,"Class5",17.504,73
13.041,"Y",58,"G",69,46.089,18.511,NA,92.998,"Class2",54.089,31
59.447,"Q",70,"L",91,79.068,81.036,28.844,59.665,"Class4",14.774,68
59.905,"I",50,"M",64,72.433,46.319,16.231,5.49,"Class3",61.466,22
62.464,"K",40,"M",55,90.65,70.819,14.366,9.551,"Class3",55.24,9
45.378,"B",67,"Y",35,37.469,13.645,24.284,41.415,"Class1",65.866,55
75.471,"K",81,"X",33,47.397,35.07,55.965,26.326,"Class5",26.443,72
75.963,"K",50,"Z",60,51.753,29.254,57.461,15.728,"Class5",26.642,73
12.175,"Y",54,"E",75,5.544,23.042,76.699,93.412,"Class2",60.814,33
68.759,"N",98,"N",75,75.727,77.13,29.043,59.817,"Class4",22.888,32
27.041,"Q",NA,"J",71,66.536,81.775,28.957,57.677,"Class4",16.603,44
81.26,"D",56,"P",35,30.406,16.651,58.259,35.079,"Class5",46.036,73
59.505,"C",57,"B",32,43.313,36.506,37.34,42.155,"Class1",62.444,55
66.809,"K",65,"S",31,44.359,61.608,35.166,43.609,"Class1",49.484,32
54.163,"B",59,"C",5,44.909,52.162,92.017,50.811,"Class1",68.654,20
50.754,"N",79,"J",72,48.115,87.109,28.19,57.432,"Class4",15.091,64
76.687,"D",57,"Z",56,36.205,13.326,57.476,12.952,"Class5",27.12,73
76.356,"D",56,"P",80,46.594,42.621,58.309,72.024,"Class5",32.279,73
11.772,"Y",53,"L",63,28.037,29.845,77.025,87.71,"Class2",66.363,33
77.696,"V",89,"X",60,35.667,39.591,55.471,65.555,"Class5",19.141,72
67.26,"G",82,"Z",53,27.486,28.343,55.895,39.108,"Class5",28.415,73
64.119,"L",61,"T",52,38.567,42.058,66.979,44.55,"Class1",56.639,41
61.155,"F",26,"M",49,83.83,44.851,16.348,11.134,"Class3",43.867,9
9.872,"E",57,"G",79,7.848,21.063,76.001,94.69,"Class2",45.238,32
71.787,"R",71,"L",57,44.918,10.244,56.995,25.387,"Class5",42.247,73
66.191,"K",44,"M",35,86.483,52.913,15.679,9.637,"Class3",62.842,2
13.786,"E",51,"G",55,103.178,30.076,75.709,88.875,"Class2",44.767,32
99.097,"R",NA,"N",68,67.166,82.267,30.784,60.06,"Class4",12.005,45
66.989,"F",59,"U",19,84.411,45.582,22.034,10.708,"Class3",64.578,3
69.11,"A",38,"Z",37,67.544,39.367,22.027,11.395,"Class3",63.172,13
40.903,"B",47,"C",49,39.042,57.788,58.286,48.744,"Class1",55.644,50
15.699,"U",53,"L",63,34.998,27.129,74.329,80.429,"Class2",67.401,33
71.422,"V",89,"L",72,32.619,21.419,NA,44.315,"Class5",36.154,73
11.542,"I",54,"E",65,63.982,15.3,NA,95.198,"Class2",54.336,33
53.969,"C",54,"T",20,22.874,64.537,96.097,40.383,"Class1",54.651,17
65.69,"I",31,"C",9,81.183,62.165,10.604,10.671,"Class3",51.172,0
59.135,"T",69,"Z",76,55.605,81.622,27.607,58.619,"Class4",11.727,44
65.25,"A",62,"C",63,83.313,45.783,17.937,9.06,"Class3",44.264,21
35.153,"R",NA,"N",84,81.424,81.973,29.168,59.44,"Class4",10.909,52
61.469,"B",43,"S",18,41.913,32.612,66.128,39.88,"Class1",64.7,6
11.823,"Y",51,"U",62,66.315,20.19,76.417,85.899,"Class2",55.159,32
44.716,"L",60,"S",53,37.873,72.573,27.966,43.962,"Class1",68.302,47
61.012,"A",27,"Z",18,73.13,43.906,17.547,10.513,"Class3",57.032,16
75.405,"Q",NA,"G",74,54.005,78.273,31.197,57.134,"Class4",27.907,25
13.309,"C",60,"T",50,32.09,58.69,87.703,35.212,"Class1",66.323,36
61.137,"B",59,"C",45,75.696,51.621,12.175,10.08,"Class3",51.831,8
12.428,"N",86,"G",77,51.808,85.135,28.146,58.721,"Class4",17.999,56
50.241,"L",NA,"Y",0,31.547,60.772,49.763,48.774,"Class1",49.518,4
68.85,"A",27,"C",54,76.723,71.262,12.07,8.46,"Class3",57.175,4
75.502,"X",83,"G",76,79.15,77.114,28.691,57.684,"Class4",29.845,61
80.473,"K",91,"Z",59,46.591,13.741,58.642,30.448,"Class5",23.702,72
63.344,"K",41,"U",37,87.292,71.236,16.677,7.347,"Class3",46.304,5
32.508,"N",65,"L",88,68.124,86.964,29.716,57.191,"Class4",23.627,47
58.242,"K",27,"Z",22,85.488,54.968,NA,10.456,"Class3",53.974,16
10.951,"I",58,"G",55,49.552,23.629,NA,94.474,"Class2",50.43,32
12.326,"I",50,"W",62,36.207,16.433,76.539,89.375,"Class2",62.058,33
94.357,"T",84,"J",91,27.05,78.536,30.035,58.147,"Class4",20.854,28
90.343,"N",83,"Z",73,86.361,86.941,27.787,60.189,"Class4",17.973,37
15.472,"E",52,"U",75,44.451,27.408,72.494,86.625,"Class2",54.65,33
69.191,"G",92,"Z",39,22.881,37.089,56.812,40.768,"Class5",24.606,73
35.637,"X",80,"J",84,38.427,77.039,29.158,60.238,"Class4",11.915,42
60.677,"K",40,"C",59,80.268,71.024,23.566,10.362,"Class3",53.27,25
67.389,"I",25,"M",9,78.002,44.347,20.564,8.62,"Class3",48.561,18
48.176,"K",43,"C",21,37.405,21.239,81.801,47.544,"Class1",55.674,39
40.627,"L",64,"B",54,33.666,41.456,23.617,46.885,"Class1",66.568,22
62.588,"F",48,"C",18,81.206,65.569,13.37,10.623,"Class3",60.715,21
59.549,"N",67,"Z",92,48.917,87.301,27.345,59.515,"Class4",11.629,42
61.196,"A",53,"K",36,75.387,66.57,20.544,10.926,"Class3",72.855,21
82.659,"R",88,"Z",78,34.45,17.769,55.413,34.518,"Class5",32.202,73
85.568,"K",58,"L",76,17.844,29.255,56.01,66.822,"Class5",37.06,72
83.142,"D",78,"W",50,33.59,33.97,58.92,34.823,"Class5",19.374,73
10.886,"E",53,"U",55,44.966,19.088,74.91,91.259,"Class2",61.132,33
83.248,"G",79,"Z",47,43.746,27.635,55.441,58.604,"Class5",14.621,73
131.275,"Q",77,"N",81,60.095,86.563,30.305,58.664,"Class4",29.246,68
46.073,"X",64,"J",88,78.256,81.841,27.55,59.094,"Class4",20.536,50
66.285,"K",61,"Z",59,75.046,68.215,16.773,7.32,"Class3",45.491,19
87.393,"Q",92,"G",69,44.269,80.301,27.764,60.128,"Class4",16.028,44
71.253,"V",83,"W",41,56.041,32.069,59.667,48.737,"Class5",47.903,72
53.601,"B",60,"T",3,33.324,35.796,57.742,44.948,"Class1",47.225,2
51.297,"C",71,"Y",49,34.824,35.194,NA,39.885,"Class1",59.738,3
59.008,"B",53,"Y",51,36.139,48.08,97.03,45.974,"Class1",60.398,19
40.603,"T",73,"L",73,51.895,86.886,28.178,55.964,"Class4",24.571,20
42.894,"B",53,"Y",14,37.264,40.562,22.467,42.923,"Class1",64.506,51
66.033,"R",50,"W",65,1.078,31.263,57.455,47.445,"Class5",32.623,73
39.319,"B",49,"T",27,35.307,74.425,61.902,47.433,"Class1",68.103,12
63.989,"A",34,"C",11,75.503,58.809,16.156,9.815,"Class3",66.438,20
14.342,"I",51,"U",54,52.059,16.765,73.766,84.018,"Class2",62.617,33
61.853,"A",32,"U",61,82.224,51.356,NA,7.35,"Class3",43.668,20
68.355,"R",71,"L",75,64.138,84.29,NA,58.43,"Class4",27.788,16
66.407,"N",68,"J",68,26.18,77.372,NA,57.404,"Class4",19.926,24
77.277,"D",63,"L",60,50.988,9.247,58.768,48.012,"Class5",25.237,73
61.229,"B",NA,"U",14,90.916,40.901,11.556,7.865,"Class3",71.136,26
11.378,"Y",NA,"U",86,64.042,12.023,70.097,90.203,"Class2",59.936,31
74.419,"T",94,"J",77,27.632,80.14,30.636,60.472,"Class4",17.613,20
12.694,"U",51,"L",65,91.463,29.562,76.561,94.319,"Class2",51.612,33
15.298,"Z",NA,"E",76,26.168,14.968,70.196,87.851,"Class2",53.203,32
75.411,"G",58,"L",62,20.791,43.076,59.562,45.269,"Class5",13.182,73
60.435,"K",48,"C",33,80.473,48.666,18.305,12.534,"Class3",48.921,14
57.466,"W",46,"C",46,39.046,20.068,84.805,45.486,"Class1",68.122,28
11.774,"E",57,"U",58,46.903,21.37,74.939,92.853,"Class2",69.619,32
76.476,"D",59,"X",45,22.396,21.621,58.884,63.102,"Class5",44.593,72
69.852,"D",73,"X",52,38.409,51.361,55.384,42.896,"Class5",45.43,73
14.385,"Y",51,"E",74,35.037,27.852,75.933,93.955,"Class2",61.259,33
57.319,"I",59,"C",16,80.489,42.641,22.729,11.445,"Class3",55.098,13
81.098,"R",92,"W",57,48.398,23.927,59.265,21.675,"Class5",43.138,73
15.259,"E",51,"G",87,97.711,17.69,71.671,87.114,"Class2",60.178,31
66.9,"F",29,"U",21,102.742,40.602,10.883,7.614,"Class3",41.472,18
13.869,"U",50,"W",53,66.092,18.412,76.233,87.024,"Class2",54.051,33
112.367,"N",65,"Z",86,57.284,86.17,30.659,58.699,"Class4",21.362,31
15.09,"Y",53,"W",64,50.257,13.685,70.713,86.726,"Class2",58.96,33
72.871,"D",93,"L",45,27.765,20.2,59.254,41.627,"Class5",34.005,73
58.594,"K",35,"M",24,86.679,44.673,21.078,10.318,"Class3",62.152,16
69.814,"B",62,"U",34,92.81,69.227,20.965,9.381,"Class3",52.364,0
78.927,"G",62,"W",68,14.74,24.777,56.671,96.746,"Class5",17.18,72
96.048,"X",91,"L",88,70.228,82.701,28.621,57.403,"Class4",27.124,42
45.026,"T",90,"Z",72,85.797,86.405,28.533,56.188,"Class4",27.424,59
76.872,"K",64,"Z",71,53.31,16.998,55.389,43.469,"Class5",30.216,72
40.897,"B",68,"T",51,29.124,17.826,21.444,47.242,"Class1",50.197,27
61.851,"C",42,"B",42,31.493,19.594,72.517,40.125,"Class1",51.801,14
37.701,"B",42,"T",49,34.937,39.377,84.862,28.021,"Class1",46.54,15
16.405,"Y",58,"W",87,32.062,23.392,70.258,89.598,"Class2",48.427,31
25.633,"R",81,"L",91,38.047,79.459,30.371,58.033,"Class4",23.31,31
19.757,"W",49,"B",6,33.523,75.629,17.816,46.032,"Class1",50.748,6
81.543,"K",89,"X",71,27.363,42.888,58.841,42.356,"Class5",36.291,72
73.602,"K",74,"P",78,40.537,11.506,58.512,59.951,"Class5",58.748,72
67.692,"X",88,"G",88,59.624,85.755,27.26,58.458,"Class4",19.604,66
20.196,"K",66,"T",50,53.381,65.935,70.361,37.232,"Class1",47.028,61
50.688,"W",71,"S",37,34.381,40.862,49.441,33.778,"Class1",59.053,47
68.939,"V",52,"P",39,39.066,49.119,58.772,89.368,"Class5",23.765,73
12.018,"Y",53,"G",69,47.121,13.976,74.497,90.805,"Class2",53.177,32
65.826,"N",96,"L",92,69.211,79.384,28.297,61.819,"Class4",15.987,37
80.661,"G",61,"Z",40,51.579,39.658,58.426,58.833,"Class5",15.108,73
44.062,"N",74,"L",91,83.11,87.337,NA,60.495,"Class4",30.746,17
47.268,"W",69,"S",35,29.703,72.721,29.178,36.872,"Class1",70.65,52
47.65,"C",62,"Y",10,36.747,26.11,96.314,50.016,"Class1",46.36,16
62.394,"I",62,"M",41,75.41,52.724,23.517,7.901,"Class3",65.204,14
70.529,"V",93,"P",50,17.09,26.006,55.665,39.516,"Class5",61.29,73
70.42,"K",73,"W",76,35.289,21.635,59.397,27.307,"Class5",59.802,72
63.593,"I",28,"M",25,73.99,41.801,23.403,6.412,"Class3",44.768,5
95.538,"K",70,"W",48,51.153,32.947,57.154,23.279,"Class5",20.046,72
67.286,"Q",87,"N",69,42.084,77.45,27.108,53.93,"Class4",18.011,54
83.241,"C",45,"S",25,51.067,43.082,73.359,38.061,"Class1",69.122,9
61.816,"A",56,"U",37,79.962,61.354,10.227,7.856,"Class3",66.223,25
15.445,"Y",50,"U",73,68.413,20.73,69.549,91.114,"Class2",68.017,31
65.868,"F",45,"Z",50,87.748,68.165,10.87,11.127,"Class3",56.908,21
69.268,"I",29,"M",57,77.979,43.393,17.918,8.498,"Class3",58.023,24
61.314,"I",36,"U",18,74.681,69.443,11.539,10.343,"Class3",70.166,7
7.817,"E",52,"E",73,36.196,15.163,74.692,97.275,"Class2",62.346,32
62.2,"W",49,"B",39,32.574,46.477,62.644,34.845,"Class1",47.6,8
-2.488,"R",99,"L",82,78.787,78.327,30.095,58.521,"Class4",28.832,36
63.645,"B",32,"M",33,62.702,53.696,13.636,10.087,"Class3",68,25
32.306,"X",68,"N",91,40.273,83.065,31.89,60.027,"Class4",17.134,57
17.272,"U",56,"E",72,58.135,25.05,71.376,90.433,"Class2",68.289,33
70.16,"K",45,"T",50,38.185,34.176,32.683,31.089,"Class1",46.583,29
70.207,"V",80,"P",73,39.31,35.406,59.662,24.148,"Class5",21.314,72
60.034,"T",67,"N",74,101.818,85.132,28.648,59.328,"Class4",24.868,46
68.697,"L",48,"T",4,43.475,45.678,12.15,42.412,"Class1",60.375,5
21.685,"X",90,"G",73,74.382,85.781,28.376,58.073,"Class4",24.383,47
83.262,"T",82,"J",68,90.965,84.954,31.771,58.908,"Class4",25.568,16
81.97,"K",77,"L",36,31.946,34.806,56.085,14.677,"Class5",40.515,73
31.612,"B",57,"Y",40,40.073,19.171,74.568,37.784,"Class1",55.854,48
27.626,"N",64,"J",79,48.131,77.787,29.014,58.924,"Class4",11.268,44
46.5,"L",55,"S",26,45.348,27.274,93.091,44.728,"Class1",60.858,36
85.726,"G",65,"X",51,22.181,39.246,55.629,18.058,"Class5",21.835,73
80.65,"K",51,"W",66,21.248,24.03,57.618,85.275,"Class5",42.173,72
66.351,"K",61,"B",49,23.602,26.34,29.182,57.011,"Class1",56.61,30
92.865,"T",72,"J",74,45.082,87.398,28.259,60.597,"Class4",25.714,16
43.238,"X",86,"J",81,19.277,79.406,31.943,57.221,"Class4",14.477,21
15.311,"I",53,"G",66,76.252,22.715,70.214,86.291,"Class2",48.927,33
39.52,"L",46,"T",42,31.345,73.007,86.778,42.368,"Class1",46.841,40
82.576,"R",94,"L",69,94.132,81.064,31.229,59.778,"Class4",25.646,19
61.043,"C",NA,"B",42,39.319,69.758,49.96,42.623,"Class1",50.823,26
57.956,"B",NA,"S",31,37.803,28.478,36.003,50.666,"Class1",64.682,9
40.883,"C",65,"C",39,38.253,19.221,75.487,35.38,"Class1",66.54,46
15.53,"Z",56,"L",53,12.224,13.409,69.824,90.599,"Class2",68.759,33
68.856,"K",63,"T",12,37.176,55.298,74.462,47.425,"Class1",54.116,57
-5.193,"X",66,"Z",75,43.861,82.029,27.84,57.676,"Class4",19.172,45
16.581,"I",53,"L",85,14.879,26.256,73.665,92.747,"Class2",56.363,31
61.188,"G",78,"Z",74,43.258,32.529,56.906,-28.649,"Class5",58.77,72
30.412,"L",70,"T",38,40.886,28.127,79.69,38.898,"Class1",54.398,37
13.046,"I",56,"G",80,-8.935,27.125,NA,89.339,"Class2",64.446,33
87.236,"G",79,"Z",65,60.26,22.679,56.664,33.149,"Class5",14.017,73
38.829,"R",69,"N",86,85.255,85.293,30.369,58.021,"Class4",11.61,19
12.198,"I",51,"E",54,71.142,14.935,70.975,87.952,"Class2",53.696,31
64.916,"K",45,"M",22,86.496,63.422,18.276,10.939,"Class3",61.586,11
36.952,"X",77,"G",89,73.758,85.142,31.099,57.457,"Class4",28.782,27
68.06,"K",46,"C",64,86.932,40.336,17.631,9.034,"Class3",66.015,13
24.739,"X",85,"N",91,69.818,79.234,28.835,58.953,"Class4",18.767,43
81.535,"W",69,"S",29,33.717,25.302,76.1,38.795,"Class1",58.745,19
15.894,"U",50,"U",60,41.112,19.322,76.267,91.763,"Class2",48.425,32
72.738,"K",75,"W",47,40.308,39.117,NA,31.379,"Class5",45.774,73
77.675,"X",77,"N",83,40.342,81.701,30.178,56.503,"Class4",30.038,35
18.051,"I",53,"W",87,73.592,25.408,77.774,95.697,"Class2",71.686,32
12.268,"E",55,"W",74,24.517,28.131,72.971,86.407,"Class2",57.114,31
65.988,"B",30,"U",44,95.528,61.463,10.815,10.224,"Class3",46.308,17
67.924,"I",42,"K",33,81.245,52.87,21.621,9.659,"Class3",46.396,22
66.033,"G",88,"W",46,36.833,18.894,58.054,-17.997,"Class5",54.802,72
14.779,"Z",54,"L",63,33.761,17.201,73.22,86.144,"Class2",70.019,32
45.911,"W",NA,"C",9,38.356,24.878,72.845,36.012,"Class1",51.015,25
63.021,"G",62,"X",42,39.535,20.938,59.527,10.427,"Class5",25.249,72
9.591,"Z",57,"L",55,35.242,19.379,69.755,86.558,"Class2",67.411,33
45.082,"L",48,"T",43,47.598,59.424,70.573,44.736,"Class1",58.514,59
98.865,"Q",74,"N",69,65.022,77.44,29.595,55.958,"Class4",28.269,56
13.268,"I",50,"U",76,76.138,29.081,76.499,88.419,"Class2",60.184,32
42.737,"B",50,"Y",26,45.111,53.516,87.352,42.409,"Class1",59.423,13
47.19,"L",71,"Y",45,42.128,29.477,25.779,38.719,"Class1",63.737,48
62.024,"F",31,"K",8,78.166,70.632,14.282,10.551,"Class3",57.066,25
14.319,"Y",51,"U",72,-9.197,28.834,73.026,89.452,"Class2",63.705,32
69.997,"F",26,"Z",21,87.432,39.918,10.38,10.818,"Class3",42.375,19
64.983,"B",54,"M",23,74.943,71.204,20.905,9.652,"Class3",58.429,10
75.318,"K",61,"L",53,46.686,40.575,NA,69.442,"Class5",16.1,73
10.959,"U",56,"E",66,46.686,21.319,71.534,85.706,"Class2",71.523,33
63.409,"K",46,"Z",23,85.114,66.224,14,9.443,"Class3",53.016,21
55.931,"W",52,"S",29,32.894,58.65,11.079,37.616,"Class1",67.277,46
88.076,"N",72,"L",77,68.699,82.629,27.157,57.277,"Class4",23.151,44
61.301,"Q",89,"Z",70,42.124,78.642,28.813,55.862,"Class4",17.807,39
71.722,"N",100,"N",76,73.12,86.511,31.599,59.669,"Class4",30.672,47
52.946,"L",56,"B",3,37.022,73.813,12.903,43.042,"Class1",56.922,43
58.917,"K",46,"T",46,34.876,18.708,13.103,35.38,"Class1",67.578,59
61.128,"I",56,"C",15,82.116,46.432,14.551,9.685,"Class3",61.177,26
83.891,"R",59,"W",61,47.235,24.848,59.475,63.486,"Class5",50.803,73
15.673,"I",50,"E",82,118.546,17.845,75.661,88.917,"Class2",65.31,33
67.918,"D",94,"W",39,39.005,26.881,57.819,69.078,"Class5",24.92,73
9.827,"U",NA,"G",62,71.271,30.349,72.37,87.554,"Class2",69.369,31
75.409,"V",63,"L",53,25.26,41.275,57.475,94.313,"Class5",26.043,73
10.427,"U",52,"L",88,80.072,22.996,70.331,87.259,"Class2",49.344,33
63.858,"B",NA,"Z",32,84.74,70.725,23.227,12.032,"Class3",64.748,22
57.898,"F",38,"U",39,93.042,72.084,19.947,9.181,"Class3",52.768,18
45.765,"L",48,"Y",46,29.179,59.642,88.318,32.297,"Class1",49.148,37
50.151,"W",49,"S",9,41.209,71.057,33.292,48.189,"Class1",68.429,29
57.367,"B",42,"C",20,35.211,42.799,63.399,37.34,"Class1",65.817,24
46.515,"T",70,"N",81,67.152,78.955,27.413,59.478,"Class4",19.638,25
70.401,"V",62,"X",49,14.435,34.466,59.449,27.76,"Class5",35.763,73
60.219,"B",57,"M",27,71.735,64.744,16.845,9.959,"Class3",69.093,4
112.616,"T",86,"G",75,44.301,83.954,NA,60.47,"Class4",11.191,34
80.193,"V",83,"L",73,51.252,13.614,55.108,22.199,"Class5",40.925,73
67.406,"K",54,"B",21,42.305,17.526,48.885,53.779,"Class1",62.97,6
60.433,"A",57,"K",43,67.169,71.635,18.328,8.185,"Class3",68.904,7
68.858,"G",73,"W",61,10.656,43.612,55.519,45.738,"Class5",48.921,73
49.427,"N",92,"J",90,56.4,78.449,27.893,61.633,"Class4",16.507,53
18.322,"K",49,"B",45,46.883,70.815,88.201,43.275,"Class1",59.285,32
68.517,"I",39,"Z",55,76.766,56.091,16.179,9.292,"Class3",54.979,0
77.839,"D",NA,"X",76,32.318,12.788,56.027,91.328,"Class5",36.906,73
71.63,"V",69,"Z",40,31.901,43.387,57.037,59.301,"Class5",54.54,73
45.913,"B",46,"Y",54,37.296,69.826,51.02,52.437,"Class1",58.577,42
12.909,"Y",53,"L",57,60.784,18.327,71.955,92.301,"Class2",61.251,32
55.631,"W",71,"T",18,21.784,66.35,80.722,55.226,"Class1",61.315,42
23.252,"R",96,"L",84,62.73,86.662,29.598,58.635,"Class4",24.502,25
56.301,"C",72,"B",32,40.823,20.124,22.457,44.151,"Class1",50.677,20
60.989,"F",34,"K",16,91.345,66.393,15.728,10.184,"Class3",49.542,6
81.09,"G",73,"L",70,46.251,45.869,59.873,26.308,"Class5",50.737,73
62.587,"R",NA,"L",83,52.108,83.044,31.776,62.241,"Class4",23.534,41
70.956,"V",56,"P",74,12.296,11.72,57.877,34.551,"Class5",26.818,73
98.655,"T",79,"Z",70,44.469,85.496,31.488,60.872,"Class4",23.501,66
13.793,"Z",56,"L",66,45.641,18.62,72.334,89.639,"Class2",68.343,32
72.025,"K",82,"L",36,52.11,22.745,58.257,43.946,"Class5",49.759,72
-4.239,"Q",82,"N",89,68.445,84.757,27.255,56.154,"Class4",21.405,41
11.628,"Z",56,"L",80,3.428,27.19,75.471,88.122,"Class2",45.159,32
54.411,"L",66,"Y",11,37.14,51.466,11.1,50.552,"Class1",46.344,61
72.734,"V",81,"L",77,20.902,47.391,55.828,14.056,"Class5",44.023,73
62.797,"K",42,"M",65,90.205,56.598,13.459,8.021,"Class3",71.321,24
76.595,"G",NA,"P",57,33.687,49.168,55.311,48.374,"Class5",56.428,72
16.952,"U",58,"E",64,43.235,18.19,69.201,90.207,"Class2",67.798,32
74.987,"N",NA,"J",68,56.71,83.299,31.604,59.497,"Class4",18.083,45
67.84,"F",58,"Z",51,84.742,51.598,16.217,10.027,"Class3",41.52,24
14.506,"E",52,"W",58,43.425,14.649,69.347,90.335,"Class2",63.918,32
66.801,"K",57,"U",34,84.827,55.813,10.758,9.138,"Class3",43.318,10
13.21,"E",57,"E",69,63.294,17.677,NA,92.026,"Class2",63.772,33
61.363,"B",38,"U",28,65.881,47.857,17.967,9.583,"Class3",43.736,3
59.004,"B",41,"Z",42,94.372,67.738,23.848,10.808,"Class3",63.453,10
46.674,"B",45,"S",6,26.872,49.813,48.079,40.557,"Class1",57.205,8
23.714,"C",66,"Y",49,38.461,40.977,11.727,38.233,"Class1",55.524,30
48.251,"W",60,"B",41,54.315,46.582,14.943,44.871,"Class1",59.236,54
83.247,"D",67,"X",51,30.337,9.306,57.39,32.728,"Class5",15.043,73
56.036,"I",29,"U",40,81.354,68.906,10.141,8.972,"Class3",59.147,1
63.82,"A",47,"U",50,86.84,64.724,13.441,6.038,"Class3",74.826,19
78.641,"K",77,"W",33,51.328,49.244,58.77,92.695,"Class5",40.039,72
23.652,"T",90,"G",87,47.46,84.265,30.822,57.477,"Class4",19.861,62
63.031,"F",24,"K",51,81.077,44.758,12.708,9.488,"Class3",68.875,25
33.626,"N",85,"L",76,78.994,85.191,29.012,56.748,"Class4",18.062,16
16.235,"I",53,"G",84,51.108,30.011,73.6,87.43,"Class2",64.379,32
62.935,"B",26,"M",65,80.294,72.897,23.04,6.134,"Class3",42.519,14
70.757,"D",69,"P",36,32.901,13.78,56.188,52.003,"Class5",42.231,72
57.918,"I",24,"U",54,90.441,44.846,22.227,10.311,"Class3",45.827,24
64.042,"L",69,"Y",25,45.665,57.342,99.026,40.223,"Class1",66.642,59
71.851,"T",82,"G",79,56.368,77.777,28.986,58.129,"Class4",25.892,57
58.419,"K",24,"Z",62,66.726,60.579,11.043,9.898,"Class3",43.801,5
49.579,"T",87,"G",91,49.919,82.809,27.185,57.276,"Class4",26.935,22
70.059,"B",62,"K",55,66.019,55.41,18.576,10.437,"Class3",49.451,23
62.886,"B",53,"C",22,80.999,43.069,21.586,12.334,"Class3",48.893,10
63.542,"F",27,"U",40,74.305,66.337,19.984,8.865,"Class3",42.496,7
82.734,"K",85,"Z",66,70.068,43.65,58.28,75.252,"Class5",50.68,72
67.743,"T",81,"J",72,32.42,82.044,29.113,57.892,"Class4",23.992,25
60.109,"F",40,"M",56,87.651,45.479,20.011,10.027,"Class3",56.191,0
73.309,"C",55,"B",39,37.982,41.229,NA,49.254,"Class1",48.534,18
57.939,"L",71,"Y",26,32.162,34.214,33.639,42.476,"Class1",50.451,19
-3.757,"Q",74,"N",90,47.756,77.871,NA,59.818,"Class4",15.969,60
64.475,"B",43,"C",27,88.14,65.394,16.911,8.393,"Class3",51.491,0
62.881,"F",49,"U",10,87.398,43.046,22.328,11.514,"Class3",50.048,9
70.673,"R",73,"P",53,43.389,41.984,58.984,57.56,"Class5",57.169,73
58.923,"X",89,"J",76,65.206,85.745,27.713,57.522,"Class4",21.794,68
62.888,"F",45,"C",52,81.047,68.044,15.937,7.806,"Class3",61.749,20
13.088,"E",52,"L",71,55.16,20.425,75.36,89.072,"Class2",68.956,32
16.789,"Y",56,"W",59,68.667,19.344,72.741,85.808,"Class2",47.138,31
49.602,"N",70,"G",86,71.574,79.87,27.765,58.457,"Class4",22.57,27
14.194,"Y",56,"E",58,106.108,12.22,70.484,88.164,"Class2",70.448,33
12.792,"Y",51,"E",76,0.949,15.275,75.323,86.069,"Class2",58.371,32
59.127,"B",45,"K",30,78.709,41.502,22.756,8.698,"Class3",63.065,26
13.657,"U",52,"G",73,78.013,18.613,73.601,88.568,"Class2",58.371,31
82.372,"G",50,"P",59,40.164,17.591,58.762,20.413,"Class5",58.306,72
63.553,"I",53,"M",8,84.992,40.828,19.213,9.181,"Class3",49.034,4
65.857,"A",23,"U",18,84.484,42.545,21.191,9.647,"Class3",57.87,6
17.778,"I",53,"L",81,58.073,13.057,75.6,92.296,"Class2",65.944,33
88.259,"K",59,"W",35,19.188,19.255,NA,37.213,"Class5",47.746,72
84.285,"R",67,"X",44,23.189,45.601,57.16,51.898,"Class5",35.615,72
-10.809,"R",68,"N",76,89.73,85.308,29.331,58.375,"Class4",23.706,30
55.525,"L",61,"Y",22,30.31,47.699,85.221,35.043,"Class1",67.446,13
41.781,"W",51,"Y",51,33.221,27.68,NA,37.6,"Class1",51.157,14
79.855,"R",88,"X",35,36.876,25.879,57.039,48.226,"Class5",34.474,72
80.519,"V",69,"Z",74,47.14,48.091,58.968,40.622,"Class5",27.58,73
65.247,"K",25,"U",38,76.149,50.997,18.781,12.527,"Class3",65.938,25
109.964,"T",65,"Z",90,62.273,86.998,30.851,61.225,"Class4",17.813,62
12.266,"E",53,"L",70,79.526,15.231,77.805,85.061,"Class2",67.004,33
63.671,"I",39,"Z",42,79.523,53.253,20.665,12.035,"Class3",73.457,15
51.685,"Q",84,"L",88,63.027,77.945,28.805,56.265,"Class4",15.64,50
76.723,"X",88,"L",91,43.115,87.72,27.467,57.637,"Class4",19.907,25
56.355,"L",44,"S",24,54.462,19.46,67.549,33.628,"Class1",49.942,62
11.224,"U",56,"U",82,75.375,29.174,70.683,85.564,"Class2",66.011,33
75.044,"V",64,"W",62,24.112,15.337,56.625,43.846,"Class5",21.849,72
59.53,"B",29,"K",41,73.879,42.698,20.728,6.128,"Class3",51.204,10
64.894,"K",32,"Z",28,95.372,52.514,12.514,9.883,"Class3",66.473,26
65.369,"K",41,"M",14,75.77,46.522,18.516,8.928,"Class3",65.924,16
74.861,"K",63,"L",78,35.514,24.149,56.936,63.253,"Class5",23.797,73
62.023,"X",86,"N",83,22.394,79.126,31.089,59.748,"Class4",25.148,58
45.704,"N",95,"L",92,36.492,77.276,27.976,59.113,"Class4",14.019,59
52.653,"B",56,"Z",36,79.34,62.246,18.826,9.836,"Class3",64.079,13
17.661,"E",52,"W",64,34.756,16.449,76.535,87.417,"Class2",44.034,33
72.253,"Q",64,"L",82,40.948,82.713,29.95,57.556,"Class4",24.595,25
26.192,"N",100,"N",87,76.573,87.988,27.052,57.049,"Class4",14.718,40
65.775,"A",24,"K",43,80.534,44.908,12.642,8.714,"Class3",61.587,19
60.407,"B",45,"U",54,83.601,37.953,NA,10.091,"Class3",51.946,17
11.565,"E",51,"G",63,49.097,14.158,76.306,94.704,"Class2",71.488,33
78.094,"G",62,"X",51,32.827,33.764,58.268,54.565,"Class5",59.411,73
49.352,"K",59,"Y",28,40.724,72.433,34.208,44.345,"Class1",61.948,14
79.591,"K",90,"Z",43,41.671,13.202,NA,34.881,"Class5",17.537,73
23.134,"K",69,"B",28,24.852,17.7,48.876,47.44,"Class1",49.153,47
8.879,"N",64,"L",77,49.128,78.95,NA,58.38,"Class4",13.644,18
23.308,"K",52,"C",5,42.427,13.086,68.645,43.983,"Class1",58.258,44
62.96,"B",61,"K",18,79.696,70.841,23.665,8.925,"Class3",43.128,10
42.648,"T",94,"J",75,59.864,85.336,31.002,60.292,"Class4",19.22,60
87.384,"R",88,"P",34,41.392,36.116,56.313,78.447,"Class5",60.976,73
75.448,"K",89,"P",37,62.268,8.064,56.686,42.354,"Class5",42.358,73
64.706,"A",60,"C",55,82.515,49.61,10.152,8.868,"Class3",67.614,19
44.17,"X",NA,"J",92,51.117,84.349,29.613,59.83,"Class4",25.828,34
13.2,"Y",56,"G",71,46.311,22.509,71.602,91.697,"Class2",63.894,32
60.601,"B",28,"K",55,97.834,52.498,17.553,11.003,"Class3",51.672,16
60.499,"A",NA,"U",51,67.858,57.864,22.575,10.18,"Class3",63.713,2
88.609,"R",57,"X",64,36.346,38.184,57.795,17.659,"Class5",59.158,73
27.682,"R",97,"Z",72,51.073,79.917,31.031,63.288,"Class4",29.511,62
72.113,"K",51,"P",73,38.795,38.989,58.749,73.254,"Class5",25.395,72
49.919,"W",48,"C",6,28.974,74.14,17.275,35.808,"Class1",68.324,14
59.806,"I",26,"M",28,77.694,70.251,17.48,8.765,"Class3",66.529,13
19.157,"Z",NA,"U",56,68.933,22.168,69.756,86.858,"Class2",65.001,31
0.851,"N",94,"G",82,98.473,84.41,31.341,55.286,"Class4",16.385,43
94.546,"X",64,"N",73,25.252,84.966,30.145,60.735,"Class4",27.634,50
17.155,"Y",58,"E",78,93.113,15.495,NA,89.326,"Class2",61.466,33
60.357,"B",23,"U",28,66.175,62.38,18.645,11.11,"Class3",72.365,18
70.338,"D",50,"Z",58,21.658,12.889,57.305,39.376,"Class5",54.923,72
92.113,"R",NA,"L",76,47.018,82.216,30.539,59.107,"Class4",26.801,58
91.075,"N",92,"L",81,68.961,79.436,28.938,58.265,"Class4",16.497,31
57.39,"I",52,"Z",22,82.774,67.645,16.935,9.52,"Class3",46.805,3
13.284,"E",56,"W",77,103.298,19.028,72.584,90.979,"Class2",60.122,32
53.82,"K",61,"C",0,44.995,52.799,25.056,44.012,"Class1",58.414,11
61.264,"B",49,"U",29,85.987,69.014,17.164,10.111,"Class3",42.596,1
60.845,"N",79,"J",90,47.801,85.691,31.112,58.743,"Class4",10.722,53
43.41,"T",94,"L",88,99.891,78.134,29.297,61.189,"Class4",15.536,55
71.593,"K",77,"P",72,34.358,19.959,59.139,17.483,"Class5",23.916,73
63.934,"B",44,"M",56,80.239,48.488,15.72,11.005,"Class3",67.542,16
70.533,"K",93,"L",53,35.394,36.864,55.008,31.701,"Class5",52.05,73
11.977,"Y",50,"E",58,63.672,30.516,74.411,84.389,"Class2",65.709,31
72.727,"V",91,"L",40,18.686,39.248,59.5,-2.346,"Class5",19.674,72
16.737,"Y",51,"L",53,68.434,25.822,75.337,89.844,"Class2",46.923,33
67.853,"F",24,"K",36,78.764,58.703,16.296,6.075,"Class3",68.32,4
21.045,"I",51,"W",80,38.458,14.249,73.979,89.88,"Class2",47.157,31
15.178,"E",57,"G",53,6.322,24.089,76.644,88.936,"Class2",70.772,31
17.716,"U",50,"E",82,78.445,17.565,76.677,87.843,"Class2",45.829,32
35.232,"B",69,"C",46,41.81,14.684,23.943,40.266,"Class1",62.869,2
126.57,"X",71,"L",89,50.86,86.222,27.815,56.957,"Class4",27.01,65
77.593,"T",83,"Z",88,76.026,84.354,29.221,57.969,"Class4",28.306,21
85.332,"R",90,"W",43,23.549,29.361,56.899,58.804,"Class5",43.651,73
55.559,"T",94,"J",88,39.152,83.126,30.918,56.76,"Class4",21.698,27
14.35,"Y",50,"L",83,49.971,26.638,71.313,86.473,"Class2",66.255,32
13.205,"E",55,"U",87,35.458,29.165,77.648,94.197,"Class2",61.402,33
62.555,"B",38,"Z",64,71.721,61.754,18.127,9.046,"Class3",44.205,5
40.798,"B",45,"S",42,31.695,59.281,21.896,41.099,"Class1",49.031,5
65.353,"B",29,"K",35,84.611,58.26,10.806,10.707,"Class3",73.191,19
58.049,"C",72,"B",32,46.47,14.732,78.116,44.768,"Class1",70.031,29
17.864,"Y",50,"G",71,36.994,18.847,72.509,93.623,"Class2",69.329,33
42.144,"L",48,"B",8,44.773,27.772,88.671,36.295,"Class1",62.699,42
11.8,"E",56,"U",53,57.432,19.548,75.392,93.748,"Class2",60.258,31
39.71,"L",57,"Y",21,39.915,41.371,55.746,42.252,"Class1",49.369,17
83.159,"D",87,"Z",38,25.084,32.772,58.9,15.464,"Class5",34.898,72
29.151,"T",77,"L",92,46.934,79.6,30.336,58.67,"Class4",17.049,23
62.829,"I",59,"Z",39,95.678,58.729,18.071,11.134,"Class3",50.482,15
77.49,"R",61,"X",45,19.658,7.402,59.591,47.624,"Class5",33.219,72
79.456,"G",50,"W",81,35.22,16.872,56.709,62.099,"Class5",50.831,72
67.256,"D",88,"W",40,49.06,50.783,55.23,45.304,"Class5",47.931,72
17.472,"U",58,"G",71,41.705,18.535,75.742,91.37,"Class2",45.022,32
59.813,"B",60,"T",21,55.572,28.499,71.002,46.712,"Class1",50.437,45
47.723,"C",60,"C",6,31.589,65.359,23.34,38.148,"Class1",68.333,0
67.313,"L",68,"C",2,49.768,72.757,32.345,41.198,"Class1",50.25,22
38.411,"K",69,"S",43,45.012,62.382,15.365,32.224,"Class1",70.63,39
68.804,"I",28,"Z",32,83.661,50.231,21.05,9.569,"Class3",61.468,21
47.202,"C",61,"B",34,42.575,59.525,23.839,41.351,"Class1",61.993,32
88.79,"X",88,"Z",76,50.251,82.301,28.819,57.782,"Class4",24.543,28
12.537,"E",51,"E",71,24.52,24.116,71.185,91.591,"Class2",67.14,31
45.895,"B",47,"B",33,40.25,57.888,30.997,46.338,"Class1",59.991,16
76.836,"D",79,"Z",78,48.218,15.746,57.052,26.48,"Class5",43.363,73
48.403,"W",51,"S",19,25.13,24.771,17.139,43.288,"Class1",63.417,27
83.157,"B",49,"C",22,37.224,71.588,82.546,39.766,"Class1",56.067,59
44.651,"W",45,"S",44,35.625,49.889,92.242,33.228,"Class1",54.702,62
60.789,"K",48,"K",42,88.111,63.581,19.379,7.743,"Class3",71.144,23
22.732,"L",55,"Y",8,35.623,33.37,53.821,35.616,"Class1",65.134,5
48.709,"X",93,"Z",84,50.508,86.259,31.152,59.558,"Class4",19.24,35
81.148,"K",94,"P",40,39.379,16.79,59.127,25.177,"Class5",30.653,73
58.576,"K",49,"C",37,79.902,67.834,19.681,8.786,"Class3",48.653,26
78.208,"V",64,"P",65,8.368,20.17,58.614,13.162,"Class5",23.167,72
70.196,"V",93,"P",57,30.828,48.071,NA,31.451,"Class5",53.937,72
14.021,"Z",53,"W",70,31.254,19.652,77.914,93.969,"Class2",64.893,33
13.946,"I",56,"E",75,33.599,21.526,71.589,83.394,"Class2",63.723,32
10.935,"Y",50,"U",53,79.961,27.077,72.764,85.869,"Class2",51.712,32
81.746,"R",77,"L",56,68.739,39.511,55.717,54.374,"Class5",32.57,73
72.645,"N",79,"J",82,38.164,86.419,28.274,57.677,"Class4",12.069,36
12.285,"E",52,"L",59,4.192,13.852,74.57,85.866,"Class2",66.297,33
39.855,"N",85,"J",91,46.135,77.928,29.721,57.944,"Class4",29.39,45
14.636,"E",56,"E",66,33.203,29.46,74.771,88.183,"Class2",54.123,33
61.344,"I",55,"M",43,86.819,43.412,19.839,10.741,"Class3",47.916,6
77.135,"V",90,"W",53,20.775,31.068,59.332,32.271,"Class5",26.77,72
33.965,"W",65,"C",43,30.245,66.199,13.947,54.432,"Class1",61.392,38
63.037,"F",43,"Z",37,92.6,55.664,16.377,8.484,"Class3",51.821,26
20.977,"E",53,"W",81,45.986,17.123,71.103,88.106,"Class2",70.025,33
46.093,"B",42,"Y",19,32.171,59.952,38.529,35.844,"Class1",48.346,52
13.061,"U",50,"L",81,2.377,26.413,70.588,88.909,"Class2",47.804,31
78.901,"V",90,"X",40,26.706,23.537,56.299,63.96,"Class5",54.75,73
128.838,"T",94,"L",68,44.12,86.891,31.838,57.396,"Class4",13.117,55
14.807,"Y",56,"W",71,17.834,14.453,76.994,90.163,"Class2",66.786,32
18.817,"Y",53,"U",62,68.647,14.964,73.169,92.23,"Class2",71.059,32
47.796,"C",56,"B",34,44.559,75.773,43.846,54.822,"Class1",63.066,31
69.003,"B",41,"K",12,94.859,46.798,13.611,11.557,"Class3",53.333,0
44.851,"K",NA,"C",47,30.676,46.739,NA,47.558,"Class1",63.05,45
16.39,"Y",58,"L",69,117.546,22.83,74.619,88.989,"Class2",71.861,32
40.664,"C",68,"C",13,30.919,58.086,68.982,38.14,"Class1",65.544,28
86.127,"R",79,"W",47,29.338,21.014,56.973,24.554,"Class5",59.461,73
68.865,"D",80,"X",79,46.816,51.584,59.235,39.508,"Class5",13.625,72
89.987,"N",75,"L",80,87.134,81.792,27.328,59.299,"Class4",12.49,31
61.241,"F",48,"C",35,88.787,62.681,17.904,7.894,"Class3",68.883,6
63.909,"I",51,"K",60,76.737,50.915,20.113,9.333,"Class3",57.34,17
61.993,"B",34,"Z",23,90.236,68.493,22.908,10,"Class3",42.342,18
79.072,"D",82,"Z",81,34.656,50.68,59.56,32.862,"Class5",51.623,72
58.717,"B",42,"K",10,88.731,49.985,16.623,9.296,"Class3",67.662,14
29.654,"N",80,"L",91,67.204,80.1,27.221,58.123,"Class4",25.471,46
81.997,"R",76,"W",40,31.714,21.78,58.06,25.485,"Class5",45.792,73
72.29,"D",73,"L",37,36.498,9.993,58.272,56.561,"Class5",14.07,72
83.178,"K",81,"L",80,25.293,49.482,58.574,64.382,"Class5",37.713,73
87.779,"D",53,"X",47,60.389,34.019,59.939,15.483,"Class5",38.464,73
64.563,"F",38,"U",23,104.322,68.984,22.235,7.793,"Class3",50.578,16
42.162,"B",51,"S",47,33.44,62.627,35.222,50,"Class1",63.106,43
72.608,"X",99,"G",88,87.969,87.087,27.42,59.865,"Class4",23.706,31
69.277,"R",68,"P",72,7.215,38.895,56.202,52.523,"Class5",26.467,73
18.478,"I",54,"L",63,18.043,17.683,74.123,94.547,"Class2",53.643,31
67.319,"K",32,"Z",9,77.72,53.593,16.983,11.43,"Class3",59.947,11
50.148,"C",64,"T",36,39.364,74.613,54.949,33.843,"Class1",67.522,39
60.049,"L",NA,"C",49,38.084,21.853,21.185,38.469,"Class1",70.455,31
62.084,"C",66,"C",10,32.126,29.538,11.003,30.364,"Class1",57.828,33
8.167,"U",54,"U",72,69.194,29.709,75.419,88.412,"Class2",63.127,31
45.797,"L",70,"Y",30,38.354,28.728,34.955,38.326,"Class1",62.125,48
43.921,"K",45,"C",13,31.367,13.661,43.556,38.609,"Class1",70.797,23
51.395,"X",91,"Z",90,33.308,81.275,28.234,60.725,"Class4",30.636,46
73.113,"D",51,"L",80,25.173,23.323,NA,70.977,"Class5",23.626,73
40.823,"L",61,"C",53,36.38,27.817,78.278,32.236,"Class1",66.113,51
87.82,"R",53,"L",51,40.149,28.728,59.747,19.408,"Class5",23.276,73
18.191,"I",58,"W",79,43.174,22.387,75.218,90.511,"Class2",64.011,33
15.456,"E",NA,"G",82,84.962,21.944,72.624,92.69,"Class2",69.555,32
104.365,"C",68,"C",20,20.293,59.929,26.962,37.92,"Class1",68.873,22
75.321,"D",62,"X",78,37.461,43.683,55.014,100.316,"Class5",40.877,73
15.895,"Z",54,"E",54,42.051,25.54,77.218,86.129,"Class2",61.07,32
63.833,"A",34,"M",31,83.481,43.137,21.725,10.264,"Class3",46.777,1
63.814,"I",NA,"C",59,70.611,64.853,19.427,12.239,"Class3",70.276,25
12.028,"I",52,"W",68,88.76,13.496,71.456,91.557,"Class2",59.429,33
63.065,"A",32,"C",13,64.284,62.651,11.867,10.916,"Class3",52.275,2
155.528,"N",81,"J",81,56.607,80.564,27.766,59.139,"Class4",18.748,54
75.953,"R",72,"Z",49,52.636,7.623,58.974,5.661,"Class5",28.902,73
61.87,"K",30,"K",51,64.3,56.461,19.569,9.472,"Class3",41.352,4
55.736,"X",89,"G",71,45.714,81.268,30.753,59.259,"Class4",22.58,46
60.999,"B",33,"C",15,80.425,38.62,12.558,9.805,"Class3",54.739,12
31.633,"X",87,"G",72,32.118,84.425,29.871,57.485,"Class4",21.599,25
12.958,"I",55,"U",65,62.248,16.306,NA,96.938,"Class2",71.94,32
14.546,"Z",54,"L",77,53.123,16.538,70.878,86.571,"Class2",62.926,31
73.302,"D",87,"X",47,19.223,30.004,57.004,64.428,"Class5",19.926,72
69.882,"R",93,"X",37,52.023,7.437,55.215,35.48,"Class5",50.402,72
30.426,"N",75,"N",84,66.121,82.947,31.737,63.003,"Class4",15.032,67
17.43,"I",52,"G",57,-23.935,30.688,76.258,90.923,"Class2",55.689,31
63.614,"B",32,"U",47,87.209,71.544,19.422,9.591,"Class3",61.718,24
12.211,"B",63,"Y",49,30.806,35.373,92.267,30.519,"Class1",52.593,60
64.601,"B",47,"M",24,81.065,57.685,18.695,7.451,"Class3",48.523,6
66.172,"F",53,"Z",54,80.218,61.133,15.759,7.954,"Class3",50.771,18
15.652,"U",51,"E",69,69.436,23.64,69.007,93.293,"Class2",52.068,33
60.86,"F",55,"Z",49,81.801,60.95,NA,9.403,"Class3",44.638,3
13.681,"E",55,"E",60,40.807,21.138,75.421,94.451,"Class2",50.153,31
14.506,"Z",58,"L",73,64.546,30.832,70.959,99.829,"Class2",55.951,31
58.14,"L",72,"S",47,38.774,19.635,62.744,52.092,"Class1",48.98,47
128.601,"R",85,"J",77,56.804,81.668,28.619,55.941,"Class4",23.904,56
64.857,"F",56,"C",56,89.279,62.458,15.939,11.219,"Class3",72.473,4
46.243,"C",61,"B",45,41.214,52.42,98.777,39.659,"Class1",58.065,26
63.784,"B",42,"Z",55,92.028,43.02,14.314,9.459,"Class3",60.568,3
82.879,"D",64,"P",35,9.3,39.835,58.719,33.058,"Class5",51.701,73
74.334,"L",63,"C",28,37.108,28.074,75.96,40.903,"Class1",69.554,42
25.805,"R",NA,"G",80,66.546,78.111,NA,58.838,"Class4",26.766,17
15.903,"U",51,"L",66,122.544,17.308,77.366,84.581,"Class2",55.942,32
59.506,"K",55,"U",43,77.88,47.964,10.848,10.619,"Class3",60.444,21
13.272,"Y",50,"L",81,76.199,28.616,73.842,92.276,"Class2",71.886,32
13.139,"Z",58,"E",72,87.72,20.94,71.08,89.075,"Class2",64.637,32
52.722,"W",60,"Y",26,46.624,22.03,44.413,34.279,"Class1",51.902,62
15.907,"E",53,"U",55,10.399,14.362,69.655,93.726,"Class2",67.047,31
52.665,"C",49,"T",40,39.101,28.659,45.824,31.536,"Class1",54.649,32
49.076,"W",54,"C",34,35.776,38.241,76.193,45.641,"Class1",49.634,32
91.946,"N",NA,"Z",76,47.641,84.117,27.074,56.863,"Class4",19.331,40
68.296,"F",58,"Z",47,74.523,39.915,13.256,8.379,"Class3",60.441,15
17.661,"U",57,"E",85,55.576,22.928,69.498,98.017,"Class2",67.287,33
15.957,"E",52,"G",59,30.904,20.823,73.178,89.504,"Class2",69.111,31
59.636,"B",27,"M",16,93.064,63.489,16.919,10.579,"Class3",49.846,4
44.213,"R",91,"J",86,59.304,78.206,28.759,56.248,"Class4",21.779,41
20.893,"C",70,"T",5,39.556,64.605,90.473,45.241,"Class1",67.652,38
74.68,"V",61,"W",66,20.587,8.861,57.089,29.066,"Class5",17.7,73
59.034,"F",47,"K",65,88.938,36.804,10.792,11.329,"Class3",73.681,4
59.941,"B",58,"Z",10,82.449,47.742,15.082,9.078,"Class3",48.997,24
63.203,"B",23,"Z",31,89.2,58.215,22.952,10.656,"Class3",56.756,17
66.91,"L",61,"B",38,43.447,38.713,39.304,39.286,"Class1",46.245,64
14.069,"X",NA,"G",76,77.883,85.69,27.619,58.825,"Class4",16.825,51
5.276,"T",89,"L",89,80.267,77.066,31.764,59.017,"Class4",15.247,55
84.073,"R",94,"L",49,49.637,9.316,59.67,40.763,"Class5",34.32,72
12.419,"Z",55,"G",79,60.159,27.762,NA,91.244,"Class2",49.302,32
13.514,"R",100,"L",79,46.608,81.769,29.213,58.309,"Class4",20.944,61
54.599,"R",82,"L",92,35.619,82.399,29.533,57.85,"Class4",19.838,41
-38.187,"R",67,"N",68,44.301,81.968,30.528,60.807,"Class4",28.473,32
66.1,"B",51,"K",33,81.83,49.108,21.566,12.721,"Class3",49,11
59.676,"I",33,"M",61,73.172,66.831,21.415,12.515,"Class3",47.459,23
44.016,"C",50,"C",34,36.552,36.627,NA,42.263,"Class1",54.56,25
16.487,"Y",54,"E",70,89.855,14.807,72.417,93.423,"Class2",64.741,32
48.647,"T",NA,"Z",92,91.994,86.562,28.46,56.301,"Class4",25.674,67
11.901,"E",57,"E",65,29.139,12.521,71.752,87.886,"Class2",67.114,31
64.61,"B",57,"C",48,86.705,50.419,13.134,10.672,"Class3",57.973,12
93.553,"L",NA,"C",14,38.851,54.322,56.974,48.333,"Class1",48.97,64
82.437,"R",78,"Z",67,31.15,42.062,56.471,41.514,"Class5",58.682,72
67.709,"K",63,"P",78,42.737,13.655,55.683,4.323,"Class5",24.649,72
68.991,"K",47,"M",65,80.687,60.429,11.551,8.511,"Class3",56.216,2
40.235,"C",47,"T",43,38.257,56.124,78.491,46.705,"Class1",58.957,16
22.059,"K",67,"C",52,42.949,59.034,49.873,48.637,"Class1",68.757,4
63.56,"K",58,"Z",44,79.097,39.349,14.319,13.546,"Class3",56.376,14
86.839,"R",76,"W",35,31.454,15.941,55.757,69.446,"Class5",27.741,73
73.009,"G",87,"L",74,41.621,20.483,55.869,77.732,"Class5",20.211,73
12.062,"Z",56,"U",79,-0.912,29.029,71.779,88.446,"Class2",61.78,32
85.294,"T",91,"N",82,64.536,78.497,29.774,58.594,"Class4",18.895,51
56.011,"B",45,"C",54,80.104,42.186,15.573,10.892,"Class3",46.935,11
15.345,"Z",57,"G",58,54.496,18.591,75.471,89.404,"Class2",58.797,31
83.625,"N",69,"J",87,84.388,81.178,31.175,58.906,"Class4",17.371,61
16.336,"U",56,"W",81,63.03,14.775,72.784,95.473,"Class2",53.496,31
73.792,"N",100,"N",92,67.228,78.366,30.043,60.501,"Class4",17.984,24
80.41,"R",68,"Z",70,37.982,52.593,57.057,69.856,"Class5",47.132,72
-0.705,"K",58,"C",14,31.531,38.861,54.028,35.922,"Class1",51.876,2
78.4,"G",62,"Z",80,17.758,18.111,57.479,41.215,"Class5",44.065,72
16.89,"U",52,"L",54,31.448,27.47,71.681,92.826,"Class2",61.948,32
70.28,"R",74,"L",55,58.98,26.437,59.204,57.812,"Class5",43.204,72
45.266,"T",84,"Z",91,52.795,84.279,31.874,57.146,"Class4",27.47,28
63.43,"F",62,"K",46,77.646,53.252,13.054,8.224,"Class3",72.603,8
60.352,"T",90,"J",83,105.58,81.398,27.262,59.536,"Class4",10.534,26
27.455,"L",60,"C",47,41.88,58.39,98.825,43.4,"Class1",60.737,46
65.77,"X",92,"G",75,37.924,84.761,29.511,57.462,"Class4",18.175,19
26.009,"K",43,"T",9,33.392,75.682,57.219,46.497,"Class1",56.734,23
60.831,"A",55,"U",61,86.839,69.357,13.742,10.694,"Class3",67.16,2
64.761,"K",23,"C",40,71.229,63.245,16.585,8.44,"Class3",46.332,26
15.719,"E",50,"G",76,39.556,26.071,76.926,82.307,"Class2",64.21,32
58.376,"F",46,"Z",30,83.459,55.324,11.56,9.086,"Class3",44.133,8
81.022,"K",52,"Z",78,48.171,27.891,58.011,29.489,"Class5",34.049,73
84.261,"K",81,"L",37,59.402,50.259,58.727,22.979,"Class5",57.834,73
14.865,"Z",54,"W",81,-1.384,21.795,75.571,84.622,"Class2",53.873,33
62.518,"F",36,"Z",61,81.166,72.684,NA,8.151,"Class3",73.126,4
70.804,"D",58,"Z",36,9.684,41.731,57.223,103.983,"Class5",18.545,73
67.469,"R",NA,"X",80,28.239,44.801,55.398,92.141,"Class5",36.79,72
45.508,"L",56,"B",26,31.154,36.618,93.424,43.448,"Class1",63.67,43
52.127,"L",60,"B",40,43.832,49.473,67.233,44.211,"Class1",51.049,53
65.324,"I",59,"Z",22,89.395,62.548,18.934,9.072,"Class3",51.179,11
64.101,"I",54,"M",41,85.712,54.437,16.412,10.063,"Class3",42.535,16
17.229,"U",54,"L",71,21.587,16.257,NA,90.576,"Class2",66.622,32
15.029,"Z",55,"G",64,83.392,15.98,75.124,85.805,"Class2",70.951,31
